City_ID,City,Country,Lat,Lng,Max Temp,Humidity,Cloudiness,Wind Speed,Current Description
0,Mahebourg,MU,-20.4081,57.7,74.25,72,78,11.95,broken clouds
1,Sitka,US,57.0531,-135.33,48.09,66,90,11.5,moderate rain
2,Sola,VU,-13.8833,167.55,81.12,76,10,16.11,clear sky
3,Komsomolskiy,UZ,40.4272,71.7189,38.12,70,0,6.91,clear sky
4,Albany,US,42.6001,-73.9662,47.57,77,83,1.01,broken clouds
5,Jamestown,US,42.097,-79.2353,44.29,95,75,1.99,broken clouds
6,Medeiros Neto,BR,-17.3739,-40.2206,69.82,94,9,4.32,clear sky
7,Klyuchi,RU,52.2667,79.1667,44.65,69,56,15.88,broken clouds
8,Ushuaia,AR,-54.8,-68.3,33.46,86,75,12.66,light snow
9,Puerto Ayora,EC,-0.7393,-90.3518,69.08,89,85,7.94,overcast clouds
10,Faanui,PF,-16.4833,-151.75,78.12,81,74,13.49,light rain
11,Kodiak,US,57.79,-152.4072,43.34,84,97,24.2,light rain
12,Busselton,AU,-33.65,115.3333,75.04,58,99,6.35,overcast clouds
13,Bluff,NZ,-46.6,168.3333,52.77,92,100,4.76,light rain
14,Nikolskoye,RU,59.7035,30.7861,34.39,89,75,8.99,broken clouds
15,Longyearbyen,SJ,78.2186,15.6401,15.64,86,0,6.91,clear sky
16,Hilo,US,19.7297,-155.09,81.28,70,20,8.05,few clouds
17,New Norfolk,AU,-42.7826,147.0587,56.66,53,100,3.0,light rain
18,East London,ZA,-33.0153,27.9116,59.05,66,16,16.62,few clouds
19,Husavik,IS,66.0449,-17.3389,39.78,96,100,4.88,overcast clouds
20,Kapaa,US,22.0752,-159.319,84.18,77,40,3.0,scattered clouds
21,Yabelo,ET,4.8833,38.0833,58.53,80,32,5.26,scattered clouds
22,Vaini,TO,-21.2,-175.2,78.96,73,20,9.22,few clouds
23,Haverhill,US,42.7762,-71.0773,50.92,73,1,1.99,clear sky
24,Tasiilaq,GL,65.6145,-37.6368,32.16,96,100,7.58,snow
25,Dickinson,US,29.4608,-95.0513,72.03,89,75,8.99,moderate rain
26,Avarua,CK,-21.2078,-159.775,75.25,53,90,8.05,overcast clouds
27,Abu Samrah,SY,35.3029,37.1841,61.99,68,0,4.56,clear sky
28,Iskateley,RU,67.6803,53.1512,25.11,90,74,7.78,broken clouds
29,Bethel,US,41.3712,-73.414,54.19,80,90,0.0,overcast clouds
30,Yankton,US,42.8711,-97.3973,51.12,57,90,10.36,overcast clouds
31,Tura,IN,25.5198,90.2201,72.28,71,25,1.34,scattered clouds
32,Butaritari,KI,3.0707,172.7902,81.21,72,51,7.23,broken clouds
33,Atuona,PF,-9.8,-139.0333,78.13,78,15,18.1,few clouds
34,Nur,PL,52.6683,22.3221,41.63,74,100,9.91,overcast clouds
35,Dalbandin,PK,28.8947,64.4101,53.87,18,0,5.39,clear sky
36,Oktyabrskiy,RU,54.4815,53.471,42.76,95,100,1.52,light rain
37,Peniche,PT,39.3558,-9.3811,63.63,90,0,7.83,clear sky
38,Ponta Do Sol,PT,32.6667,-17.1,70.43,63,15,5.95,few clouds
39,Mount Isa,AU,-20.7333,139.5,96.57,23,0,10.36,clear sky
40,Sangar,RU,63.9242,127.4739,19.18,95,100,10.04,snow
41,Bredasdorp,ZA,-34.5322,20.0403,49.28,72,59,1.81,broken clouds
42,Alihe,CN,50.5667,123.7167,44.89,54,0,2.08,clear sky
43,Poum,NC,-20.2333,164.0167,74.19,77,33,6.98,scattered clouds
44,Port Alfred,ZA,-33.5906,26.891,57.25,72,19,14.85,few clouds
45,Tautira,PF,-17.7333,-149.15,80.62,84,100,19.42,moderate rain
46,Aalst,BE,50.9433,4.0735,46.92,99,68,6.44,broken clouds
47,Lebanon,US,36.2081,-86.2911,64.08,69,90,0.0,overcast clouds
48,Dubbo,AU,-32.25,148.6167,68.13,37,0,16.11,clear sky
49,Jinchang,CN,38.4953,102.1739,48.49,56,63,2.8,broken clouds
50,Saint-Philippe,RE,-21.3585,55.7679,72.99,84,40,13.91,scattered clouds
51,Severo-Kurilsk,RU,50.6789,156.125,40.66,86,73,11.41,light rain
52,Constitucion,CL,-35.3333,-72.4167,50.43,87,0,13.2,clear sky
53,Two Rivers,US,44.1539,-87.5693,40.41,93,1,0.0,clear sky
54,Dikson,RU,73.5069,80.5464,9.25,87,100,14.74,overcast clouds
55,Canatlan,MX,24.5167,-104.7833,65.05,48,0,6.33,clear sky
56,Hualmay,PE,-11.0964,-77.6139,62.82,83,34,10.78,scattered clouds
57,Wewak,PG,-3.5534,143.6268,85.28,69,38,9.22,scattered clouds
58,Cape Town,ZA,-33.9258,18.4232,55.11,72,2,5.88,clear sky
59,Port Elizabeth,ZA,-33.918,25.5701,57.09,65,2,11.23,clear sky
60,Oriximina,BR,-1.7656,-55.8661,76.87,89,100,3.09,overcast clouds
61,Awbari,LY,26.5921,12.7805,78.53,17,19,13.89,few clouds
62,Haicheng,CN,40.8516,122.7475,58.1,54,0,11.88,clear sky
63,Lebu,CL,-37.6167,-73.65,49.28,93,13,5.97,few clouds
64,Piranshahr,IR,36.701,45.1413,45.12,50,0,2.93,clear sky
65,Acapulco,MX,16.8634,-99.8901,73.22,94,90,12.66,overcast clouds
66,Castro,BR,-24.7911,-50.0119,58.24,97,100,12.24,moderate rain
67,La Rioja,ES,42.25,-2.5,38.48,55,1,5.66,clear sky
68,Hermanus,ZA,-34.4187,19.2345,53.91,70,26,3.51,scattered clouds
69,Arraial Do Cabo,BR,-22.9661,-42.0278,70.95,89,0,32.26,clear sky
70,Hami,CN,42.8,93.45,47.91,44,100,2.73,overcast clouds
71,Ilulissat,GL,69.2167,-51.1,23.02,74,90,14.97,overcast clouds
72,Kenai,US,60.5544,-151.2583,45.09,70,1,16.11,clear sky
73,Sao Felix Do Xingu,BR,-6.6447,-51.995,73.13,92,89,1.25,overcast clouds
74,Kiunga,PG,-6.1219,141.2906,93.45,49,20,3.02,few clouds
75,Mnogovershinnyy,RU,53.9353,139.9242,34.79,78,83,5.17,broken clouds
76,Yar-Sale,RU,66.8333,70.8333,27.84,95,94,10.42,overcast clouds
77,Kupang,ID,-10.1667,123.5833,86.58,70,75,3.44,broken clouds
78,Bilibino,RU,68.0546,166.4372,-6.95,99,89,1.12,overcast clouds
79,Canchungo,GW,12.0672,-16.0333,78.67,84,100,1.39,light rain
80,Yining,CN,29.0361,114.5636,63.72,60,1,2.33,clear sky
81,Banda Aceh,ID,5.5577,95.3222,81.37,75,100,0.98,overcast clouds
82,Nome,US,64.5011,-165.4064,32.07,74,1,4.61,clear sky
83,Moose Factory,CA,51.2585,-80.6094,35.58,100,90,2.3,mist
84,Ilinge,ZA,-31.9768,27.0427,44.08,72,55,6.64,broken clouds
85,Jacala,MX,21.0167,-99.1833,58.44,96,93,1.63,overcast clouds
86,Tabou,CI,4.423,-7.3528,76.95,88,80,5.26,broken clouds
87,San Andres,CO,12.5847,-81.7006,82.42,83,40,4.61,scattered clouds
88,Ribeira Grande,PT,38.5167,-28.7,67.12,64,54,11.21,broken clouds
89,Carnarvon,AU,-24.8667,113.6333,75.27,69,0,14.97,clear sky
90,Port-Cartier,CA,50.0334,-66.8654,46.96,94,100,2.21,overcast clouds
91,Baykit,RU,61.67,96.37,34.57,96,100,8.88,light rain
92,Georgetown,MY,5.4112,100.3354,84.13,79,20,4.61,few clouds
93,Hithadhoo,MV,-0.6,73.0833,82.74,71,100,11.34,overcast clouds
94,Mar Del Plata,AR,-38.0023,-57.5575,52.88,68,20,3.0,few clouds
95,Clyde River,CA,70.4692,-68.5914,17.74,83,93,11.97,overcast clouds
96,Torbay,CA,47.6666,-52.7314,59.76,96,100,10.09,light rain
97,Big Rapids,US,43.6981,-85.4837,39.74,100,1,0.0,clear sky
98,Arroio Grande,BR,-32.2375,-53.0869,55.71,97,28,6.62,scattered clouds
99,Tiarei,PF,-17.5333,-149.3333,80.62,88,100,20.07,light rain
100,Copiapo,CL,-27.3667,-70.3333,51.49,66,0,1.9,clear sky
101,Rikitea,PF,-23.1203,-134.9692,74.91,80,100,19.13,overcast clouds
102,Srednekolymsk,RU,67.45,153.6833,-2.42,87,45,4.29,scattered clouds
103,Aguas Buenas,PR,18.2569,-66.1029,79.63,89,10,3.36,clear sky
104,Pakxan,LA,18.3778,103.6601,74.93,66,36,4.41,scattered clouds
105,Mataura,NZ,-46.1927,168.8643,67.66,55,99,1.54,light rain
106,Sol-Iletsk,RU,51.1631,54.9918,49.84,85,100,15.95,light rain
107,Hailar,CN,49.2,119.7,42.76,41,1,7.63,clear sky
108,Makakilo City,US,21.3469,-158.0858,82.72,54,1,9.22,clear sky
109,Naryan-Mar,RU,67.6713,53.087,25.3,90,69,7.96,broken clouds
110,Caravelas,BR,-17.7125,-39.2481,75.43,85,97,3.38,overcast clouds
111,Chokurdakh,RU,70.6333,147.9167,-1.8,97,100,6.08,overcast clouds
112,Phan Thiet,VN,10.9333,108.1,82.35,74,100,1.77,overcast clouds
113,The Valley,AI,18.217,-63.0578,82.26,70,38,17.36,scattered clouds
114,Karratha,AU,-20.7377,116.8463,93.42,19,9,13.85,clear sky
115,Nueva Helvecia,UY,-34.3,-57.2333,56.59,84,0,7.74,clear sky
116,Hobart,AU,-42.8794,147.3294,57.02,62,75,5.01,broken clouds
117,Henties Bay,NA,-22.116,14.2845,57.85,93,23,8.75,few clouds
118,Polson,US,47.6936,-114.1632,47.37,63,67,3.85,broken clouds
119,Omsukchan,RU,62.5333,155.8,4.78,88,33,3.36,scattered clouds
120,Tomatlan,MX,19.9333,-105.25,76.17,95,99,0.31,overcast clouds
121,Mana,GF,5.6592,-53.7767,77.52,89,100,9.6,overcast clouds
122,Riviere-Au-Renard,CA,48.9957,-64.3971,46.81,93,100,10.38,overcast clouds
123,Tuktoyaktuk,CA,69.4541,-133.0374,25.23,93,93,3.74,overcast clouds
124,Chateaudun,FR,48.0833,1.3333,41.59,78,0,4.47,clear sky
125,Nicoya,CR,10.1483,-85.452,72.95,92,100,1.99,overcast clouds
126,Provideniya,RU,64.3833,-173.3,25.07,78,100,8.25,overcast clouds
127,Nanortalik,GL,60.1432,-45.2371,35.33,68,16,21.21,few clouds
128,Mabay,PH,6.0577,124.4666,85.05,65,72,3.58,broken clouds
129,Chuy,UY,-33.6971,-53.4616,54.63,95,56,6.87,broken clouds
130,Itarema,BR,-2.9248,-39.9167,79.79,80,69,12.35,broken clouds
131,Saskylakh,RU,71.9167,114.0833,6.8,94,100,14.0,overcast clouds
132,Mount Gambier,AU,-37.8333,140.7667,54.23,56,92,10.29,overcast clouds
133,Chara,RU,56.9064,118.2631,36.39,55,100,1.28,overcast clouds
134,Cap Malheureux,MU,-19.9842,57.6142,74.46,75,81,5.01,broken clouds
135,Kaeo,NZ,-35.1,173.7833,66.33,98,63,5.5,broken clouds
136,Santa Fe,AR,-31.6333,-60.7,61.75,88,0,8.34,clear sky
137,Vila Franca Do Campo,PT,37.7167,-25.4333,64.81,83,98,5.66,overcast clouds
138,Sao Filipe,CV,14.8961,-24.4956,78.75,70,7,10.0,clear sky
139,Esperance,AU,-33.8667,121.9,71.13,41,5,14.54,clear sky
140,Yellowknife,CA,62.456,-114.3525,41.56,86,100,13.0,overcast clouds
141,Kamenka,RU,51.3223,42.7678,38.97,77,8,7.72,clear sky
142,Guerrero Negro,MX,27.9769,-114.0611,66.83,79,4,15.75,clear sky
143,Paamiut,GL,61.994,-49.6678,31.5,45,92,7.05,overcast clouds
144,Fengkou,CN,30.0833,113.2667,62.02,51,46,5.06,scattered clouds
145,Kenora,CA,49.8167,-94.4337,39.18,67,100,3.0,overcast clouds
146,Taoudenni,ML,22.6783,-3.9836,81.01,22,0,7.74,clear sky
147,Faenza,IT,44.2857,11.8833,57.24,94,83,1.99,broken clouds
148,Trincomalee,LK,8.5711,81.2335,78.78,86,98,11.25,overcast clouds
149,Villarrica,PY,-25.75,-56.4333,67.06,98,100,6.2,overcast clouds
150,Bethal,ZA,-26.4579,29.4655,50.56,79,0,8.66,clear sky
151,Holme,DK,56.1138,10.1725,48.63,86,100,11.61,overcast clouds
152,Fasa,IR,28.9383,53.6482,57.83,27,0,1.77,clear sky
153,San Quintin,MX,30.4833,-115.95,63.09,74,7,20.42,clear sky
154,Chernyshevskiy,RU,63.0128,112.4714,29.34,84,83,10.71,broken clouds
155,Gushikawa,JP,26.3544,127.8686,77.0,66,20,9.22,few clouds
156,Montague,US,42.5356,-72.5351,50.09,76,96,2.59,overcast clouds
157,Krasnoselkup,RU,65.7,82.4667,32.38,99,100,11.54,snow
158,Namatanai,PG,-3.6667,152.4333,84.78,70,91,7.36,light rain
159,Durusu,TR,41.3053,28.6767,60.78,93,26,7.0,scattered clouds
160,Miramar,US,25.9873,-80.2323,82.42,83,20,5.75,few clouds
161,Fortuna,US,40.5982,-124.1573,58.98,89,90,1.99,overcast clouds
162,Oranjestad,AW,12.524,-70.027,84.15,74,20,17.27,few clouds
163,Kibala,TD,9.1104,18.3463,74.7,82,100,1.01,overcast clouds
164,Kununurra,AU,-15.7667,128.7333,93.18,49,40,10.36,scattered clouds
165,Uhlove,UA,44.8215,33.6045,55.56,82,100,10.54,overcast clouds
166,Whyalla,AU,-33.0333,137.5833,62.49,48,0,13.8,clear sky
167,Hofn,IS,64.2539,-15.2082,45.01,74,100,2.82,overcast clouds
168,Cortes,ES,41.9395,-1.4396,48.6,46,0,2.39,clear sky
169,Hasaki,JP,35.7333,140.8333,66.29,47,27,5.48,scattered clouds
170,San Carlos De Bariloche,AR,-41.1456,-71.3082,44.35,61,40,16.11,scattered clouds
171,Khatanga,RU,71.9667,102.5,7.45,92,97,16.04,overcast clouds
172,Russell,US,32.3502,-85.1999,60.4,87,1,0.0,clear sky
173,Punta Arenas,CL,-53.15,-70.9167,37.51,81,20,17.27,few clouds
174,Haukipudas,FI,65.1765,25.3523,17.65,75,47,3.31,scattered clouds
175,Sisimiut,GL,66.9395,-53.6735,23.49,92,100,7.34,light snow
176,Barrow,US,71.2906,-156.7887,30.22,80,90,12.66,haze
177,Vicksburg,US,32.3526,-90.8779,74.88,81,1,3.44,haze
178,Berlevag,NO,70.8578,29.0864,37.04,64,98,22.66,overcast clouds
179,Tonekabon,IR,36.8163,50.8738,61.52,75,15,3.06,few clouds
180,Dongli,CN,23.5656,116.8194,70.75,69,88,6.11,overcast clouds
181,Manta,EC,-0.95,-80.7333,74.98,83,20,8.05,few clouds
182,Potosi,BO,-19.5836,-65.7531,50.68,14,0,6.78,clear sky
183,Port Blair,IN,11.6667,92.75,80.64,83,40,1.14,scattered clouds
184,Fort Nelson,CA,58.8053,-122.7002,41.68,84,100,5.41,overcast clouds
185,Alice Springs,AU,-23.7,133.8833,78.35,22,75,17.27,broken clouds
186,Tromso,NO,69.6496,18.957,31.37,80,40,0.0,light snow
187,Sechura,PE,-5.5569,-80.8222,65.95,78,96,15.77,overcast clouds
188,Qaanaaq,GL,77.484,-69.3632,-1.07,58,0,7.78,clear sky
189,Carballo,ES,43.213,-8.691,53.78,90,5,4.92,clear sky
190,Salalah,OM,17.0151,54.0924,73.49,68,0,5.75,clear sky
191,Rafai,CF,4.95,23.9167,68.36,97,37,1.68,light rain
192,Kulachi,PK,31.9286,70.4592,67.48,67,0,5.79,clear sky
193,Emerald,AU,-23.5333,148.1667,95.52,26,92,6.73,overcast clouds
194,Murray Bridge,AU,-35.1167,139.2667,67.42,51,76,11.5,broken clouds
195,Chalus,IR,36.655,51.4204,62.17,73,28,3.85,scattered clouds
196,Asilah,MA,35.465,-6.0348,67.96,81,1,12.66,clear sky
197,Olinala,MX,17.8333,-98.85,63.32,97,100,1.92,overcast clouds
198,Peterhead,GB,57.5058,-1.7981,55.11,88,100,30.2,overcast clouds
199,Pangnirtung,CA,66.1451,-65.7125,23.45,85,98,5.66,overcast clouds
200,Havelock,US,34.8791,-76.9013,66.15,92,0,4.32,clear sky
201,Ullapool,GB,57.8987,-5.1604,56.75,94,100,6.46,moderate rain
202,Saint-Louis,SN,16.3333,-15.0,85.66,24,67,6.91,broken clouds
203,Asfi,MA,32.2994,-9.2372,62.83,80,7,13.42,clear sky
204,Champerico,GT,14.3,-91.9167,84.34,79,75,8.5,broken clouds
205,Shirokiy,RU,49.758,129.523,47.05,52,8,5.93,clear sky
206,Ouallam,NE,14.3188,2.0866,82.85,57,67,6.89,broken clouds
207,Sorland,NO,67.667,12.6934,42.48,68,100,7.05,overcast clouds
208,Gambela,ET,8.25,34.5833,70.32,63,11,4.92,few clouds
209,Beckley,US,37.7782,-81.1882,53.28,79,20,5.75,few clouds
210,Varnavino,RU,57.4035,45.0916,37.67,94,100,7.09,overcast clouds
211,Auki,SB,-8.7676,160.7034,86.13,68,38,7.05,scattered clouds
212,Fuyang,CN,32.9,115.8167,61.57,52,91,3.65,overcast clouds
213,Anloga,GH,5.7947,0.8973,79.05,82,99,4.41,moderate rain
214,San Patricio,US,28.017,-97.5169,78.89,71,1,9.24,clear sky
215,Kirovskiy,RU,45.0917,133.5136,51.67,41,0,6.58,clear sky
216,Beloha,MG,-25.1667,45.05,67.32,81,0,3.67,clear sky
217,Souillac,MU,-20.5167,57.5167,74.35,74,27,11.05,scattered clouds
218,Victoria,HK,22.2855,114.1577,73.04,72,13,1.01,few clouds
219,Vestmannaeyjar,IS,63.4427,-20.2734,47.16,84,100,16.44,overcast clouds
220,Padang,ID,-0.9492,100.3543,78.85,84,84,4.92,broken clouds
221,Sur,OM,22.5667,59.5289,79.9,64,2,8.37,clear sky
222,Thompson,CA,55.7435,-97.8558,35.76,74,100,4.38,overcast clouds
223,Iqaluit,CA,63.7506,-68.5145,31.69,88,100,11.99,overcast clouds
224,Villa Rica,US,33.7321,-84.9191,59.79,95,0,1.39,clear sky
225,Kahului,US,20.8947,-156.47,82.42,69,1,23.02,clear sky
226,Hovd,MN,48.0056,91.6419,35.76,38,3,5.91,clear sky
227,Hohhot,CN,40.8106,111.6522,49.55,56,10,3.49,clear sky
228,Pailon,BO,-17.65,-62.75,86.9,33,100,11.23,overcast clouds
229,Vanimo,PG,-2.6741,141.3028,84.94,68,54,9.31,broken clouds
230,Flinders,AU,-34.5833,150.8552,73.8,58,36,7.0,scattered clouds
231,Cabo San Lucas,MX,22.8909,-109.9124,82.62,75,1,5.99,clear sky
232,Kocsord,HU,47.9391,22.3833,36.0,71,1,8.37,clear sky
233,Manggar,ID,-2.8833,108.2667,85.08,66,74,6.46,broken clouds
234,Surin,TH,14.8818,103.4936,73.87,82,99,14.56,overcast clouds
235,Marawi,PH,7.9986,124.2928,73.65,61,89,2.93,overcast clouds
236,Acarau,BR,-2.8856,-40.12,79.66,81,89,12.24,overcast clouds
237,Kruisfontein,ZA,-34.0033,24.7314,50.79,75,5,8.01,clear sky
238,Airai,TL,-8.9266,125.4092,79.95,34,32,1.59,scattered clouds
239,Tongliao,CN,43.6125,122.2653,53.96,36,0,9.62,clear sky
240,Sinazongwe,ZM,-17.2614,27.4618,81.37,46,77,2.91,broken clouds
241,Cherskiy,RU,68.75,161.3,-4.09,100,90,4.18,overcast clouds
242,Khasan,RU,42.4308,130.6434,55.56,38,0,5.95,clear sky
243,College,US,64.8569,-147.8028,35.58,79,75,0.0,broken clouds
244,Gucheng,CN,35.9115,111.3192,54.68,55,8,3.58,clear sky
245,Dingle,PH,10.9995,122.6711,84.4,75,62,2.28,broken clouds
246,Coahuayana,MX,18.7333,-103.6833,83.68,88,100,2.68,overcast clouds
247,Ibra,OM,22.6906,58.5334,71.94,74,0,1.45,clear sky
248,Eureka,US,40.8021,-124.1637,59.25,82,100,5.99,overcast clouds
249,Ketchikan,US,55.3422,-131.6461,43.34,91,100,11.16,moderate rain
250,Klaksvik,FO,62.2266,-6.589,49.12,90,100,13.87,overcast clouds
251,Rionero In Vulture,IT,40.9257,15.67,57.72,96,100,4.92,overcast clouds
252,Celestun,MX,20.8667,-90.4,79.14,83,62,11.18,broken clouds
253,Camana,PE,-16.6228,-72.7111,62.01,80,88,7.87,overcast clouds
254,San Cristobal,VE,7.7669,-72.225,71.78,99,100,2.51,overcast clouds
255,Port Lincoln,AU,-34.7333,135.8667,60.3,59,15,11.32,few clouds
256,Muros,ES,42.7762,-9.0603,55.83,95,1,6.06,clear sky
257,Killybegs,IE,54.6333,-8.45,55.13,89,91,13.87,overcast clouds
258,Bosaso,SO,11.2842,49.1816,76.48,64,78,2.15,broken clouds
259,Jiuquan,CN,39.7432,98.5174,45.84,30,15,4.94,few clouds
260,Miquelon,PM,47.0975,-56.3814,54.93,99,100,11.77,overcast clouds
261,Meulaboh,ID,4.1363,96.1285,81.09,76,84,1.48,broken clouds
262,Abu Dhabi,AE,24.4667,54.3667,80.71,83,20,3.44,few clouds
263,Taksimo,RU,56.3444,114.8794,36.3,57,82,2.01,broken clouds
264,Redmond,US,47.674,-122.1215,54.91,87,65,1.01,light rain
265,Karasjok,NO,69.4719,25.5112,24.91,88,43,3.04,scattered clouds
266,Rawson,AR,-43.3002,-65.1023,57.29,29,3,18.72,clear sky
267,Umm Lajj,SA,25.0213,37.2685,76.39,61,0,10.11,clear sky
268,Tongren,CN,27.7172,109.1853,60.94,55,0,3.0,clear sky
269,Talnakh,RU,69.4865,88.3972,22.86,91,100,6.35,overcast clouds
270,Gongzhuling,CN,43.5008,124.8198,55.11,53,0,12.33,clear sky
271,Geraldton,AU,-28.7667,114.6,86.41,28,0,5.75,haze
272,Mitsamiouli,KM,-11.3847,43.2844,78.19,81,71,9.46,broken clouds
273,Ensenada,MX,31.8667,-116.6167,62.94,80,36,4.83,scattered clouds
274,Kisangani,CD,0.5167,25.2,69.71,99,61,0.65,light rain
275,Port Townsend,US,48.117,-122.7605,54.97,90,90,1.01,overcast clouds
276,Soyo,AO,-6.1349,12.3689,77.56,85,100,9.53,overcast clouds
277,Krasnovishersk,RU,60.4078,57.082,37.76,86,98,4.92,overcast clouds
278,Hecun,CN,36.5333,114.1111,58.82,42,2,2.71,clear sky
279,Udachnyy,RU,66.4167,112.4,26.44,93,100,20.42,overcast clouds
280,Reforma,MX,18.1,-91.0167,75.87,90,96,4.27,overcast clouds
281,Cap-Aux-Meules,CA,47.3821,-61.8597,56.12,98,100,5.59,light rain
282,Berdigestyakh,RU,62.0989,126.6992,34.79,98,100,8.63,light rain
283,Labuhan,ID,-6.8844,112.2051,87.19,61,57,2.89,broken clouds
284,Owando,CG,-0.4819,15.8999,69.42,99,60,2.42,light rain
285,Bathsheba,BB,13.2167,-59.5167,83.01,69,20,20.71,few clouds
286,Saldanha,ZA,-33.0117,17.9442,57.0,72,0,8.7,clear sky
287,Sarangani,PH,5.4033,125.4636,83.66,72,100,7.96,overcast clouds
288,Saint-Pierre,RE,-21.3393,55.4781,73.08,78,90,5.75,overcast clouds
289,Svetlogorsk,BY,52.6333,29.7333,37.36,93,67,10.45,broken clouds
290,Vila,PT,42.0304,-8.1588,46.33,74,0,2.75,clear sky
291,Kotturu,IN,14.8167,76.2167,70.83,92,100,3.06,overcast clouds
292,Santo Tomas,PH,14.1079,121.1414,77.56,83,100,8.21,overcast clouds
293,Pitimbu,BR,-7.4706,-34.8086,79.39,78,76,12.33,broken clouds
294,Key Largo,US,25.0865,-80.4473,79.99,80,64,8.75,broken clouds
295,Takaka,NZ,-40.85,172.8,57.56,97,100,3.29,overcast clouds
296,Guadalupe,MX,25.6833,-100.25,78.85,83,1,5.75,clear sky
297,Hambantota,LK,6.1241,81.1185,81.41,73,26,15.12,scattered clouds
298,Yomou,GN,7.5603,-9.2653,69.51,100,99,0.47,overcast clouds
299,Boa Vista,BR,2.8197,-60.6733,82.38,69,20,3.44,few clouds
300,Gidole,ET,5.65,37.3667,58.32,66,47,2.8,scattered clouds
301,Ode,NG,7.7899,5.7117,68.77,90,99,1.74,overcast clouds
302,Aras,ES,42.5617,-2.356,42.71,93,0,2.3,clear sky
303,Palembang,ID,-2.9167,104.7458,80.69,89,20,0.0,few clouds
304,Grand Gaube,MU,-20.0064,57.6608,74.37,75,85,5.01,overcast clouds
305,San Policarpo,PH,12.1791,125.5072,84.38,74,100,9.37,overcast clouds
306,Tutoia,BR,-2.7619,-42.2744,80.04,86,100,9.89,overcast clouds
307,Petervasara,HU,48.0167,20.1,38.64,77,3,2.68,clear sky
308,Aquiraz,BR,-3.9014,-38.3911,81.18,81,20,10.42,few clouds
309,Tahe,CN,52.3333,124.7333,44.55,56,5,2.26,clear sky
310,Mezen,RU,65.8522,44.24,30.27,91,100,5.5,light snow
311,Semey,KZ,50.4111,80.2275,43.02,61,0,17.9,clear sky
312,Sibu,MY,2.3,111.8167,83.52,75,88,2.17,overcast clouds
313,Tashtagol,RU,52.7657,87.8894,36.95,85,100,4.54,overcast clouds
314,Wagar,SD,16.1525,36.2032,79.43,55,6,7.9,clear sky
315,Katsuura,JP,35.1333,140.3,60.91,52,15,6.15,few clouds
316,Nelson Bay,AU,-32.7167,152.15,73.76,67,100,4.0,overcast clouds
317,Pisco,PE,-13.7,-76.2167,63.01,82,48,13.8,scattered clouds
318,Korla,CN,41.7597,86.1469,50.07,37,68,3.02,broken clouds
319,Salym,RU,60.0625,71.4789,39.87,77,100,13.02,overcast clouds
320,Salinopolis,BR,-0.6136,-47.3561,80.2,83,100,9.6,overcast clouds
321,Sidi Ali,DZ,36.0998,0.4206,60.8,82,0,9.55,clear sky
322,Aklavik,CA,68.2191,-135.0107,22.41,96,75,1.9,broken clouds
323,Nisia Floresta,BR,-6.0911,-35.2086,79.61,81,35,7.87,scattered clouds
324,Kjollefjord,NO,70.9457,27.3465,37.02,63,100,21.12,overcast clouds
325,Los Llanos De Aridane,ES,28.6585,-17.9182,65.12,79,75,8.01,broken clouds
326,Pevek,RU,69.7008,170.3133,9.32,92,100,5.97,overcast clouds
327,Newport,GB,51.5877,-2.9984,55.45,74,100,19.39,overcast clouds
328,Fairbanks,US,64.8378,-147.7164,35.6,79,1,0.0,clear sky
329,Rorvik,NO,64.8621,11.2373,42.84,76,100,18.39,light rain
330,Whitianga,NZ,-36.8333,175.7,61.02,93,100,11.27,light rain
331,Bontang,ID,0.1333,117.5,84.16,70,98,4.32,overcast clouds
332,Vostok,RU,46.4856,135.8833,45.95,46,0,7.58,clear sky
333,Roebourne,AU,-20.7833,117.1333,91.31,23,24,17.05,few clouds
334,Huarmey,PE,-10.0681,-78.1522,63.55,85,30,10.92,scattered clouds
335,Moroni,KM,-11.7022,43.2551,77.22,77,85,1.32,overcast clouds
336,Moskovskiy,RU,55.5991,37.355,39.9,87,75,11.18,light rain
337,Mattru,SL,7.6244,-11.8332,73.4,98,97,1.59,light rain
338,Half Moon Bay,US,37.4636,-122.4286,64.87,74,90,3.0,haze
339,Coihaique,CL,-45.5752,-72.0662,42.75,75,40,4.61,light rain
340,Goure,NE,13.9835,10.2704,84.02,18,14,7.11,few clouds
341,Wilmington,US,34.2257,-77.9447,69.85,94,1,0.0,clear sky
342,Kamen-Na-Obi,RU,53.7884,81.3423,45.27,70,99,18.75,overcast clouds
343,Karaj,IR,35.8355,51.0103,50.52,36,7,1.05,clear sky
344,Kerrville,US,30.0474,-99.1403,74.95,76,1,5.75,clear sky
345,Bereda,ES,43.2686,-7.5406,47.41,95,2,2.01,clear sky
346,Irbit,RU,57.6705,63.071,40.21,87,12,10.83,few clouds
347,Bolivar,US,37.6145,-93.4105,64.9,96,79,9.69,broken clouds
348,Pochutla,MX,15.7432,-96.4661,76.82,90,51,3.62,broken clouds
349,Buala,SB,-8.145,159.5921,85.68,66,40,7.0,scattered clouds
350,Tiksi,RU,71.6872,128.8694,2.44,95,100,10.07,overcast clouds
351,Olafsvik,IS,64.8945,-23.7142,45.1,83,100,12.35,overcast clouds
352,Arman,RU,59.7,150.1667,24.85,54,58,10.27,broken clouds
353,Road Town,VG,18.4167,-64.6167,82.2,70,41,17.09,scattered clouds
354,Khilok,RU,51.3674,110.4676,38.21,52,100,2.75,overcast clouds
355,Dunedin,NZ,-45.8742,170.5036,60.8,71,87,7.0,light rain
356,Lahij,YE,13.1667,44.5833,75.78,75,7,3.49,clear sky
357,Lincoln,US,40.8,-96.667,57.58,59,90,7.0,overcast clouds
358,Marovoay,MG,-16.1,46.6333,73.54,74,9,1.79,clear sky
359,Sohag,EG,26.557,31.6948,67.08,54,0,10.29,clear sky
360,Rundu,NA,-17.9333,19.7667,77.83,45,99,1.86,light rain
361,Naze,JP,28.3667,129.4833,70.86,64,98,20.94,overcast clouds
362,Jertih,MY,5.7336,102.4897,83.26,76,70,0.43,light rain
363,Tumalaytay,PH,12.2758,123.232,83.1,76,77,4.72,broken clouds
364,Sabang,ID,5.8933,95.3214,81.3,74,100,2.21,moderate rain
365,Sinnamary,GF,5.3833,-52.95,78.42,87,90,10.09,overcast clouds
366,Yukamenskoye,RU,57.8865,52.2416,35.58,93,88,5.88,overcast clouds
367,Batsfjord,NO,70.6345,29.7185,34.45,70,95,19.69,snow
368,Vila Velha,BR,-20.3297,-40.2925,73.35,88,75,8.05,broken clouds
369,Vata De Jos,RO,46.1833,22.6,37.63,75,6,1.28,light rain
370,Les Cayes,HT,18.2,-73.75,78.49,80,86,4.0,overcast clouds
371,Bambari,CF,5.768,20.6757,71.19,92,85,2.21,overcast clouds
372,Okha,RU,53.5739,142.9478,37.98,73,99,16.06,overcast clouds
373,Aykhal,RU,66.0,111.5,24.44,93,100,22.91,light snow
374,Mao,ES,39.8885,4.2658,61.36,88,0,9.22,clear sky
375,Avera,US,33.194,-82.5271,61.72,62,0,4.07,clear sky
376,Srandakan,ID,-7.9386,110.2506,84.72,66,18,5.28,few clouds
377,Mecca,SA,21.4267,39.8261,78.39,61,0,2.17,clear sky
378,Seoul,KR,37.5683,126.9778,58.51,43,7,2.28,clear sky
379,Anadyr,RU,64.75,177.4833,1.9,85,40,8.95,scattered clouds
380,Lagunas,PE,-5.2269,-75.6753,78.85,75,15,2.19,few clouds
381,Alofi,NU,-19.0595,-169.9187,74.01,65,98,21.12,overcast clouds
382,Sobolevo,RU,54.4299,31.8996,37.85,87,99,12.64,light rain
383,Serenje,ZM,-13.2325,30.2352,67.01,45,55,3.24,broken clouds
384,Jasper,US,37.2001,-94.3502,67.55,84,1,1.99,clear sky
385,Iquique,CL,-20.2208,-70.1431,59.04,77,21,2.71,few clouds
386,Isangel,VU,-19.55,169.2667,80.71,78,75,9.22,broken clouds
387,Lagoa,PT,39.05,-27.9833,66.88,59,94,12.37,overcast clouds
388,Horsham,GB,51.064,-0.3272,56.25,59,75,5.75,broken clouds
389,Sao Joao Da Barra,BR,-21.6403,-41.0511,72.63,89,4,24.07,clear sky
390,Chiang Klang,TH,19.2938,100.8617,78.26,78,66,0.67,broken clouds
391,Palenque,MX,17.5167,-91.9667,74.62,94,100,2.51,overcast clouds
392,Ouadda,CF,8.0777,22.4007,68.88,90,96,1.07,overcast clouds
393,Denpasar,ID,-8.65,115.2167,83.86,74,20,9.22,few clouds
394,Lompoc,US,34.6391,-120.4579,64.56,83,1,21.99,clear sky
395,Micheweni,TZ,-4.9667,39.8333,78.42,72,97,5.77,overcast clouds
396,Nouadhibou,MR,20.931,-17.0347,67.73,83,0,17.81,clear sky
397,San Miguel,SV,13.4833,-88.1833,74.55,98,91,2.57,overcast clouds
398,Ballina,AU,-28.8667,153.5667,87.78,40,82,9.42,broken clouds
399,Shache,CN,38.4167,77.2406,46.63,35,5,1.66,clear sky
400,Kachiry,KZ,53.0675,76.1036,47.5,78,100,15.05,overcast clouds
401,Ambilobe,MG,-13.2,49.05,72.88,91,98,3.36,overcast clouds
402,Sattenapalle,IN,16.4,80.1833,78.19,77,90,2.91,light rain
403,Balabac,PH,7.9868,117.0645,78.67,86,100,13.13,overcast clouds
404,Alim,PH,9.5649,122.4876,82.45,77,100,6.64,overcast clouds
405,Armizonskoye,RU,55.9461,67.6736,42.8,88,68,11.34,broken clouds
406,Upernavik,GL,72.7868,-56.1549,18.27,90,100,13.53,overcast clouds
407,Sertania,BR,-8.0736,-37.2644,75.74,74,89,10.04,overcast clouds
408,La Paz,BO,-16.5,-68.15,51.78,18,50,2.3,scattered clouds
409,Chilca,PE,-12.5211,-76.7372,64.62,86,82,8.14,broken clouds
410,Ostrovnoy,RU,68.0531,39.5131,25.93,89,95,18.01,overcast clouds
411,Tunggol,PH,5.8446,121.1544,81.66,78,99,4.12,overcast clouds
412,Mikun,RU,62.3547,50.0771,27.75,91,26,3.22,scattered clouds
413,Darab,IR,28.7519,54.5444,62.53,30,0,2.44,clear sky
414,Lubango,AO,-14.9172,13.4925,62.8,33,20,2.51,few clouds
415,Tuatapere,NZ,-46.1333,167.6833,58.46,80,100,3.4,overcast clouds
416,Weiser,US,44.251,-116.9693,52.61,78,100,4.94,overcast clouds
417,Paka,MY,4.6374,103.4368,82.89,76,84,3.71,broken clouds
418,Leningradskiy,RU,69.3833,178.4167,10.87,94,100,8.93,overcast clouds
419,Thinadhoo,MV,0.5333,72.9333,82.53,74,77,11.59,moderate rain
420,Yulara,AU,-25.2406,130.9889,80.44,18,3,18.41,clear sky
421,Ayorou,NE,14.7308,0.9174,84.92,48,100,7.74,overcast clouds
422,Temirtau,KZ,50.0544,72.9483,43.25,62,57,14.61,broken clouds
423,Caxito,AO,-8.5785,13.6643,75.85,85,100,2.68,light rain
424,Touros,BR,-5.1989,-35.4608,79.7,81,65,12.84,broken clouds
425,Tete,MZ,-16.1564,33.5867,81.28,38,46,2.84,scattered clouds
426,Kudahuvadhoo,MV,2.6708,72.8944,82.4,74,97,13.27,overcast clouds
427,Palimbang,PH,6.2106,124.1894,85.48,66,74,4.65,broken clouds
428,Vestmanna,FO,62.1564,-7.1664,47.32,93,90,11.5,overcast clouds
429,Botwood,CA,49.1499,-55.3482,53.08,98,100,0.87,overcast clouds
430,Kretinga,LT,55.8758,21.2508,37.15,93,75,1.14,broken clouds
431,Oromocto,CA,45.8351,-66.4792,51.94,84,90,5.99,light rain
432,Kilrush,IE,52.6397,-9.4833,53.89,90,19,11.97,few clouds
433,Codrington,AU,-38.2667,141.9667,53.67,62,98,14.99,overcast clouds
434,Egvekinot,RU,66.3167,-179.1667,11.43,85,100,6.2,overcast clouds
435,Waw,SS,7.7029,27.9953,73.36,83,28,3.67,scattered clouds
436,Lagos,NG,6.5833,3.75,74.35,96,98,1.43,overcast clouds
437,Kangaatsiaq,GL,68.3065,-53.4641,23.86,86,96,7.94,overcast clouds
438,Kavieng,PG,-2.5744,150.7967,85.96,67,17,12.35,few clouds
439,Jacmel,HT,18.2342,-72.5347,82.24,82,75,2.77,broken clouds
440,Santander,ES,43.4647,-3.8044,53.46,85,0,5.01,clear sky
441,Okhotsk,RU,59.3833,143.3,22.48,64,0,17.67,clear sky
442,Daru,PG,-9.0763,143.2092,84.2,72,99,13.87,overcast clouds
443,Richmond,US,37.5538,-77.4603,55.17,90,1,0.0,clear sky
444,Kajaani,FI,64.2273,27.7285,21.25,93,34,2.3,scattered clouds
445,Narsaq,GL,60.9167,-46.05,34.02,53,38,4.76,scattered clouds
446,Port Hardy,CA,50.6996,-127.4199,47.34,87,29,13.67,scattered clouds
447,Senno,RU,59.5336,33.9167,31.26,95,100,9.75,light snow
448,Pemangkat,ID,1.1667,108.9667,82.78,70,36,1.43,scattered clouds
449,Norman Wells,CA,65.282,-126.8329,28.02,94,1,2.46,clear sky
450,Campo Maior,BR,-4.8278,-42.1686,77.72,82,47,4.85,scattered clouds
451,Rapid Valley,US,44.0625,-103.1463,52.05,83,90,8.05,overcast clouds
452,Berezovyy,RU,51.6667,135.7,48.22,56,0,1.7,clear sky
453,Juegang,CN,32.3174,121.1855,66.96,55,100,5.03,light rain
454,Roald,NO,62.5833,6.1333,51.94,66,90,12.66,overcast clouds
455,Nan,TH,18.8333,100.6667,76.66,79,81,1.68,broken clouds
456,Agadez,NE,19.75,10.25,77.11,17,0,3.0,clear sky
457,Port-Gentil,GA,-0.7193,8.7815,77.54,85,99,9.42,overcast clouds
458,Manado,ID,1.487,124.8455,90.37,62,20,3.44,few clouds
459,Bardiyah,LY,31.7561,25.0865,67.71,68,0,3.53,clear sky
460,Sampit,ID,-2.5333,112.95,87.22,67,22,0.98,few clouds
461,Amet,IN,25.3,73.9333,66.96,73,6,5.64,clear sky
462,Scarborough,GB,54.2797,-0.4044,52.54,78,100,5.01,overcast clouds
463,Hawalli,KW,29.2833,47.9972,77.92,45,0,3.0,clear sky
464,Andra,RU,62.5147,65.8878,30.06,88,78,10.83,broken clouds
465,La Grande,US,45.3246,-118.0877,50.04,84,100,5.84,overcast clouds
466,Nampula,MZ,-15.1165,39.2666,67.26,76,11,4.76,few clouds
467,Luderitz,NA,-26.6481,15.1594,56.61,69,0,16.33,clear sky
468,Pacific Grove,US,36.6177,-121.9166,62.98,79,90,3.0,overcast clouds
469,Morganton,US,35.7454,-81.6848,61.65,85,40,1.01,scattered clouds
470,Miraflores,MX,19.2167,-98.8083,66.02,93,100,5.17,overcast clouds
471,Swan River,CA,52.1058,-101.2676,34.14,81,10,8.43,clear sky
472,Kondinskoye,RU,59.6481,67.41,37.44,83,14,13.29,few clouds
473,Sadovo,BG,42.1333,24.9333,57.04,71,90,23.02,overcast clouds
474,Dombarovskiy,RU,50.7587,59.5386,44.13,57,1,12.5,clear sky
475,Morondava,MG,-20.2833,44.2833,67.8,79,0,6.46,clear sky
476,Deneysville,ZA,-26.8908,28.0971,51.17,40,0,6.89,clear sky
477,Hopkinsville,US,36.8656,-87.4886,57.81,91,91,8.1,overcast clouds
478,Batemans Bay,AU,-35.7167,150.1833,72.19,41,14,8.43,few clouds
479,Palm Coast,US,29.585,-81.2078,78.01,68,47,7.0,scattered clouds
480,Kilifi,KE,-3.6305,39.8499,76.87,78,85,4.88,overcast clouds
481,Sri Aman,MY,1.2376,111.4621,81.57,79,88,1.99,overcast clouds
482,Orje,NO,59.4802,11.6602,44.42,85,100,13.35,overcast clouds
483,Cidreira,BR,-30.1811,-50.2056,64.92,93,100,10.18,light rain
484,Diu,IN,20.7141,70.9822,76.95,68,5,4.83,clear sky
485,Tigil,RU,57.8,158.6667,30.54,88,100,6.15,overcast clouds
486,Saint George,US,37.1041,-113.5841,68.59,33,1,1.99,clear sky
487,Vikramasingapuram,IN,8.714,77.3893,81.84,82,100,3.49,overcast clouds
488,Serowe,BW,-22.3833,26.7167,68.09,20,3,5.91,clear sky
489,Sedkyrkeshch,RU,61.75,50.9167,32.27,100,90,8.95,light shower snow
490,Orcopampa,PE,-15.2661,-72.3417,51.15,26,7,4.45,clear sky
491,Sambava,MG,-14.2667,50.1667,74.34,92,99,4.25,overcast clouds
492,Talcahuano,CL,-36.7167,-73.1167,51.48,87,0,10.36,clear sky
493,Waingapu,ID,-9.6567,120.2641,86.86,57,59,6.35,broken clouds
494,Ordubad,AZ,38.9059,46.0234,39.29,50,0,3.24,clear sky
495,Durban,ZA,-29.8579,31.0292,66.92,71,89,7.0,overcast clouds
496,Tecoanapa,MX,16.5167,-98.75,74.55,88,100,6.33,overcast clouds
497,Tandil,AR,-37.3217,-59.1332,41.29,86,0,6.6,clear sky
498,Dicabisagan,PH,17.0818,122.4157,78.67,87,100,3.96,moderate rain
499,Kodinsk,RU,58.6881,99.1844,35.83,96,100,12.39,light rain
500,Antofagasta,CL,-23.65,-70.4,58.28,78,24,7.11,few clouds
501,Coihueco,CL,-36.6167,-71.8333,50.74,82,0,4.61,clear sky
502,Mitu,CO,1.1983,-70.1733,73.04,98,70,2.77,broken clouds
503,Ahipara,NZ,-35.1667,173.1667,65.14,79,25,7.9,scattered clouds
504,Santa Cruz,BO,-17.8,-63.1667,85.46,66,20,13.8,few clouds
505,Yebaishou,CN,41.3975,119.6408,52.0,41,2,4.09,clear sky
506,Sioux Lookout,CA,50.1001,-91.917,35.98,93,75,4.61,broken clouds
507,Lorengau,PG,-2.0226,147.2712,85.06,70,98,10.31,overcast clouds
508,Shubarshi,KZ,48.5872,57.1869,43.23,37,10,10.76,clear sky
509,Penzance,GB,50.1186,-5.5371,54.77,84,81,24.52,broken clouds
510,Gat,IL,31.61,34.7642,66.4,100,3,2.44,clear sky
511,Barrhead,GB,55.7992,-4.3929,54.93,93,90,5.99,drizzle rain
512,Pollachi,IN,10.6667,77.0167,76.24,89,100,6.46,overcast clouds
513,Upata,VE,8.0086,-62.3989,74.19,95,100,4.56,overcast clouds
514,Los Algarrobos,PA,8.5,-82.4333,78.46,94,75,2.3,broken clouds
515,Nyurba,RU,63.2842,118.3319,33.44,73,100,11.92,overcast clouds
516,Divnomorskoye,RU,44.5011,38.1353,59.68,89,100,2.24,overcast clouds
517,Sibiti,CG,-3.6819,13.3499,68.45,99,100,1.7,moderate rain
518,Suruc,TR,36.9761,38.425,62.8,25,0,5.66,clear sky
519,Noshiro,JP,40.2039,140.0242,60.58,55,35,11.81,scattered clouds
520,Te Anau,NZ,-45.4167,167.7167,55.99,85,100,1.1,overcast clouds
521,Kieta,PG,-6.2167,155.6333,83.98,74,19,5.86,light rain
522,Namibe,AO,-15.1961,12.1522,63.77,73,99,6.42,overcast clouds
523,Vanavara,RU,60.34,102.2797,32.2,94,100,12.86,snow
524,Bengkulu,ID,-3.8004,102.2655,78.62,84,99,3.85,overcast clouds
525,Albert Lea,US,43.648,-93.3683,41.97,75,1,0.0,clear sky
526,Praya,CV,14.9215,-23.5087,77.54,78,20,13.8,few clouds
527,Kirakira,SB,-10.4544,161.9205,87.08,67,7,12.86,clear sky
528,Turukhansk,RU,65.8167,87.9833,32.36,99,100,10.67,snow
529,Tarare,FR,45.8976,4.4327,39.22,88,3,1.99,clear sky
530,Maldonado,UY,-34.6667,-54.9167,54.23,91,9,5.01,clear sky
531,Kiruna,SE,67.8557,20.2251,9.52,85,100,13.8,overcast clouds
532,Tabas,IR,33.5959,56.9244,53.87,18,0,0.87,clear sky
533,Illapel,CL,-31.6308,-71.1653,57.99,63,0,1.16,clear sky
534,Dongsheng,CN,39.8161,109.9776,47.23,57,4,5.91,clear sky
535,Mala Vyska,UA,48.6431,31.6366,40.64,65,99,8.7,overcast clouds
536,Bogo,PH,11.0517,124.0055,84.15,72,90,6.38,overcast clouds
537,Mackay,AU,-21.15,149.2,90.68,66,50,12.84,scattered clouds
538,Severnoye,RU,56.3491,78.3619,44.46,85,79,15.93,broken clouds
539,Beringovskiy,RU,63.05,179.3167,13.21,73,2,7.2,clear sky
540,Tateyama,JP,34.9833,139.8667,65.14,49,7,7.76,clear sky
541,Rancho Palos Verdes,US,33.7445,-118.387,66.18,87,75,3.0,broken clouds
542,Itoman,JP,26.1247,127.6694,77.77,63,75,12.66,broken clouds
543,Sault Sainte Marie,CA,46.5168,-84.3333,44.42,84,90,4.61,overcast clouds
544,Zelenoborsk,RU,61.4669,64.0333,32.02,79,47,8.34,scattered clouds
545,Aars,DK,56.804,9.5144,47.68,83,100,12.71,overcast clouds
546,Kungurtug,RU,50.5994,97.5228,31.59,57,26,0.34,scattered clouds
547,Sibolga,ID,1.7427,98.7792,78.4,85,99,1.32,light rain
548,Riohacha,CO,11.5444,-72.9072,82.58,75,56,13.02,broken clouds
549,Tarakan,ID,3.3,117.6333,85.5,79,20,4.61,few clouds
550,Kaitangata,NZ,-46.2817,169.8464,59.81,68,95,5.35,overcast clouds
551,Adrar,MR,20.5022,-10.0711,78.24,16,19,9.17,few clouds
552,Nanakuli,US,21.3906,-158.1547,84.15,52,1,9.22,clear sky
553,Ambon,ID,-3.6954,128.1814,86.14,74,40,4.61,scattered clouds
554,Cortez,US,37.3489,-108.5859,56.52,37,90,0.0,overcast clouds
555,Kihei,US,20.785,-156.4656,82.42,70,1,23.02,clear sky
556,Sabratah,LY,32.7933,12.4885,74.79,66,100,7.99,overcast clouds
557,Irara,BR,-12.05,-38.7667,72.91,94,80,7.02,light rain
558,Mizdah,LY,31.4451,12.9801,70.21,51,100,7.78,overcast clouds
559,Lavrentiya,RU,65.5833,-171.0,24.66,83,100,9.51,overcast clouds
560,Casablanca,MA,33.5928,-7.6192,66.33,82,9,11.01,clear sky
561,Manaure,CO,11.7751,-72.4445,83.14,76,13,17.38,few clouds
562,Harlingen,US,26.1906,-97.6961,82.35,94,1,6.91,clear sky
563,Ulladulla,AU,-35.35,150.4667,70.77,57,63,7.38,broken clouds
564,Idenao,CM,4.2475,9.0047,76.55,89,99,3.8,overcast clouds
565,Brindisi,IT,40.5833,17.6667,65.44,91,99,11.81,overcast clouds
566,Lastoursville,GA,-0.8143,12.7287,71.65,99,100,1.59,overcast clouds
567,Malmyzh,RU,56.5205,50.6818,39.36,86,100,7.07,overcast clouds
568,Sao Miguel Do Araguaia,BR,-13.275,-50.1628,81.46,59,94,4.63,overcast clouds
569,Tommot,RU,58.9564,126.2925,39.85,82,100,9.31,overcast clouds
570,Northam,GB,51.0333,-4.2167,56.01,78,100,20.85,overcast clouds
571,Aguada De Pasajeros,CU,22.385,-80.8508,75.34,88,94,4.05,overcast clouds
572,Sonamura,IN,23.4719,91.2664,75.2,77,6,3.89,clear sky
573,Hervey Bay,AU,-25.2986,152.8535,90.03,73,99,15.35,overcast clouds
574,Trebinje,BA,42.7119,18.3442,55.76,62,0,21.85,clear sky
575,Nantucket,US,41.2835,-70.0995,57.31,66,1,11.5,clear sky
576,Siocon,PH,7.7061,122.1353,84.15,72,92,2.89,overcast clouds
577,Hamilton,US,39.1834,-84.5333,55.78,87,90,0.0,overcast clouds
578,Leh,IN,34.1667,77.5833,30.06,88,100,1.83,overcast clouds
579,Aurillac,FR,44.9167,2.45,38.01,81,0,8.05,clear sky
580,Tombouctou,ML,20.0,-3.0,80.85,23,0,9.33,clear sky
581,Nurota,UZ,40.5614,65.6886,48.29,35,0,5.14,clear sky
582,Gushi,CN,34.6425,109.5843,56.26,64,7,2.55,clear sky
583,Alac,PH,15.9877,120.8065,78.76,83,95,4.54,overcast clouds
584,Bandarbeyla,SO,9.4942,50.8122,77.34,76,40,4.9,scattered clouds
585,Hope,US,33.6671,-93.5916,78.85,71,40,11.12,scattered clouds
586,Abu Kamal,SY,34.4506,40.9171,67.84,35,2,5.93,clear sky
587,Sao Goncalo Do Amarante,BR,-3.6072,-38.9683,81.12,79,17,8.28,few clouds
588,Lazurne,UA,46.084,32.5295,51.84,50,100,13.31,overcast clouds
589,Lebyazhye,RU,55.2689,66.4947,45.79,76,99,11.74,overcast clouds
590,Neepawa,CA,50.2289,-99.4664,36.81,78,7,6.69,clear sky
591,Oskarshamn,SE,57.2645,16.4484,26.37,79,100,6.26,overcast clouds
592,Jiwani,PK,25.05,61.7417,78.12,75,0,0.65,clear sky
593,Matraterenye,HU,48.0327,19.9476,37.65,79,3,1.95,clear sky
594,San Francisco,US,37.7749,-122.4194,64.92,80,90,3.0,overcast clouds
595,Ayan,RU,56.45,138.1667,40.98,59,99,7.87,overcast clouds
596,Raposa,BR,-6.5167,-44.1833,72.3,88,99,1.1,overcast clouds
597,Qianjiang,CN,30.4151,112.8859,61.74,50,71,4.56,broken clouds
598,Catamarca,AR,-28.4696,-65.7852,65.64,30,0,3.06,clear sky
599,Lakatoro,VU,-16.0999,167.4164,82.83,74,25,9.75,scattered clouds
600,Yate,GB,51.5407,-2.4184,54.36,81,100,4.0,overcast clouds
601,Tall Kayf,TR,37.0833,41.0667,55.74,19,0,4.83,clear sky
602,Springfield,US,37.2153,-93.2982,63.99,88,1,7.0,clear sky
603,Shelburne,CA,44.0787,-80.2041,42.85,85,62,4.9,broken clouds
604,Diamantina,BR,-18.2494,-43.6003,61.23,94,16,6.38,few clouds
605,De Aar,ZA,-30.6497,24.0123,46.06,68,0,13.94,clear sky
606,Yabrud,SY,33.9674,36.6574,47.52,67,0,1.63,clear sky
607,Tessalit,ML,20.1986,1.0114,81.3,24,38,9.35,scattered clouds
608,Bonnyville,CA,54.2668,-110.735,41.2,63,100,14.43,overcast clouds
609,Pasighat,IN,28.0667,95.3333,75.83,71,2,0.47,clear sky
610,Ukiah,US,39.1502,-123.2078,57.43,93,90,9.22,overcast clouds
611,Bambanglipuro,ID,-7.95,110.2833,84.67,66,18,5.5,few clouds
612,Florianopolis,BR,-27.6146,-48.5012,67.41,89,75,3.0,broken clouds
613,Dali,CN,25.7,100.1833,60.4,82,69,1.61,broken clouds
614,Halifax,CA,44.6453,-63.5724,60.69,98,100,1.01,overcast clouds
615,Aneho,TG,6.2333,1.6,79.02,81,99,1.63,overcast clouds
616,Taywarah,AF,33.35,64.4167,33.08,31,0,3.18,clear sky
617,Yarmouth,US,41.7057,-70.2286,55.96,78,1,18.01,clear sky
618,Vidra,RO,44.2606,26.1697,54.41,75,100,9.04,overcast clouds
619,Waddan,LY,29.1614,16.139,78.82,22,100,11.18,overcast clouds
620,Zolotyy Potik,UA,48.9095,25.3393,43.09,78,47,13.02,scattered clouds
621,Minas De Barroteran,MX,27.6333,-101.2833,77.74,58,0,10.49,clear sky
622,Cururupu,BR,-1.8283,-44.8683,75.9,91,100,2.89,overcast clouds
623,Skelleftea,SE,64.7507,20.9528,19.76,68,100,4.61,overcast clouds
624,Cangzhou,CN,38.3167,116.8667,57.36,48,2,5.44,clear sky
625,Cervo,ES,43.6702,-7.4101,54.48,72,1,6.22,clear sky
626,Kristiansund,NO,63.1115,7.732,41.65,87,90,9.22,overcast clouds
627,Japura,ID,-0.3167,102.35,81.39,86,68,0.51,broken clouds
628,Christchurch,NZ,-43.5333,172.6333,72.48,63,20,7.0,few clouds
629,Taltal,CL,-25.4,-70.4833,58.33,79,4,2.91,clear sky
630,Bac Lieu,VN,9.285,105.7244,83.75,75,63,5.39,broken clouds
631,Necochea,AR,-38.5473,-58.7368,46.58,62,0,8.88,clear sky
632,Rafael Lucio,MX,19.5833,-96.9667,60.46,97,100,1.83,overcast clouds
633,Ewa Beach,US,21.3156,-158.0072,84.15,54,1,9.22,clear sky
634,Viedma,AR,-40.8135,-62.9967,46.69,26,0,10.74,clear sky
635,Derzhavinsk,KZ,51.1,66.3167,43.74,78,32,15.39,scattered clouds
636,Kapuskasing,CA,49.4169,-82.4331,34.43,98,100,4.97,light rain
637,George Town,MY,5.4112,100.3354,84.13,79,20,4.61,few clouds
638,Belmonte,BR,-15.8631,-38.8828,75.7,92,70,4.68,broken clouds
639,Polunochnoye,RU,60.8697,60.4153,35.94,86,99,5.73,overcast clouds
640,Fontaine,FR,45.1984,5.6827,51.12,81,0,4.0,clear sky
641,Ancud,CL,-41.8697,-73.8203,47.73,77,73,8.63,broken clouds
642,Boda,CF,4.3189,17.4695,69.08,97,100,2.86,overcast clouds
643,Chicama,PE,-7.8447,-79.1469,65.16,80,81,6.78,broken clouds
644,Yakeshi,CN,49.2833,120.7333,40.66,47,0,7.02,clear sky
645,Oksovskiy,RU,62.6062,39.8984,28.83,90,100,4.9,overcast clouds
646,Fuerte Olimpo,PY,-21.0415,-57.8738,72.5,95,100,15.28,very heavy rain
647,Mbalmayo,CM,3.5167,11.5,66.69,96,99,2.71,overcast clouds
648,Gazli,UZ,40.1333,63.45,46.22,35,0,11.95,clear sky
649,Nizhniy Kuranakh,RU,58.8353,125.4869,38.66,82,100,7.81,overcast clouds
650,Biltine,TD,14.5333,20.9167,81.66,20,23,14.0,few clouds
651,Iralaya,HN,15.0,-83.2333,80.42,86,98,9.6,overcast clouds
652,Kichmengskiy Gorodok,RU,59.9816,45.7854,37.17,92,100,3.4,overcast clouds
653,Binzhou,CN,37.3667,118.0167,66.27,42,34,3.47,scattered clouds
654,Great Yarmouth,GB,52.6083,1.7305,54.23,74,87,14.56,overcast clouds
655,Loding,NO,67.3,14.75,34.65,69,40,10.0,scattered clouds
656,Pampa,US,35.5362,-100.9599,76.15,53,75,9.22,broken clouds
657,Luganville,VU,-15.5333,167.1667,83.8,72,35,8.21,scattered clouds
658,Phanom Sarakham,TH,13.7479,101.3553,84.33,84,98,9.31,overcast clouds
659,Yenagoa,NG,4.9247,6.2642,72.95,96,76,2.13,broken clouds
660,Phangnga,TH,8.4509,98.5298,84.9,79,76,2.95,broken clouds
661,Lavumisa,SZ,-27.31,31.892,66.49,68,100,14.94,overcast clouds
662,Richards Bay,ZA,-28.783,32.0377,66.79,73,100,17.74,light rain
663,Santa Helena,BR,-2.2311,-45.3,73.85,95,99,2.21,overcast clouds
664,Saint-Augustin,CA,51.226,-58.6502,40.84,94,100,12.66,overcast clouds
665,Hlobyne,UA,49.3878,33.2596,40.98,67,99,6.49,overcast clouds
666,Cockburn Town,TC,21.4612,-71.1419,83.05,69,93,19.22,overcast clouds
667,Manzanillo,CU,20.3433,-77.1167,76.68,86,79,3.4,broken clouds
668,Cayenne,GF,4.9333,-52.3333,78.1,91,90,2.3,overcast clouds
669,Shenjiamen,CN,29.9576,122.298,65.89,68,99,14.41,overcast clouds
670,Severo-Yeniseyskiy,RU,60.3725,93.0408,32.52,96,100,13.71,light snow
671,Xai-Xai,MZ,-25.0519,33.6442,70.36,84,74,26.53,broken clouds
672,Ubud,ID,-8.5098,115.2654,81.72,46,62,5.66,broken clouds
673,Almeria,ES,37.1667,-2.3333,55.44,84,37,0.63,scattered clouds
674,Saurimo,AO,-9.6608,20.3916,64.71,96,92,3.69,overcast clouds
675,Esna,EG,25.2934,32.554,69.6,47,0,10.47,clear sky
676,Vao,NC,-22.6667,167.4833,72.52,74,3,13.31,clear sky
677,Puerto Baquerizo Moreno,EC,-0.9,-89.6,68.9,87,95,10.31,overcast clouds
678,Magistralnyy,RU,56.1725,107.4458,35.15,86,65,6.35,broken clouds
679,Tchibanga,GA,-2.85,11.0333,71.4,98,100,0.63,overcast clouds
680,Loa Janan,ID,-0.583,117.095,86.88,64,97,3.56,overcast clouds
681,Cabadiangan,PH,9.7531,122.4739,84.0,74,100,7.23,overcast clouds
682,Murgab,TM,37.4966,61.9714,45.48,28,0,6.64,clear sky
683,Imst,AT,47.2684,10.6698,29.59,48,0,5.59,clear sky
684,Lenine,UA,45.2986,35.7771,54.66,86,100,4.34,overcast clouds
685,Schleiden,DE,50.5295,6.477,40.62,96,4,5.44,clear sky
686,Brvenica,MK,41.9672,20.9808,47.62,90,100,3.94,overcast clouds
687,Blagoyevo,RU,63.3667,47.9167,23.52,91,100,3.27,overcast clouds
688,Dhidhdhoo,MV,6.8833,73.1,81.55,78,100,11.83,light rain
689,Samarai,PG,-10.6167,150.6667,81.46,80,25,12.06,scattered clouds
690,Mulege,MX,26.8833,-111.9833,76.66,68,0,2.17,clear sky
691,Beisfjord,NO,68.3751,17.5988,35.26,87,92,7.34,overcast clouds
692,Riverton,US,40.5219,-111.9391,49.28,89,40,1.99,scattered clouds
693,Talaya,RU,61.3833,152.75,4.71,89,93,4.03,overcast clouds
694,Charters Towers,AU,-20.1,146.2667,93.52,28,46,10.76,scattered clouds
695,Byron Bay,AU,-28.65,153.6167,92.05,38,51,7.78,broken clouds
696,Zyryanka,RU,65.75,150.85,1.27,76,8,10.51,clear sky
